<?xml version="1.0" encoding="UTF-8"?>
<extension type="plugin" group="system" method="upgrade">
	<name>plg_system_newcapcha</name>
	<author>Joomla! Project</author>
	<creationDate>2007-12</creationDate>
	<copyright>(C) 2024</copyright>
	<license></license>
	<authorEmail></authorEmail>
	<authorUrl>www.joomla.org</authorUrl>
	<version>5.0.0</version>
	<description>PLG_NEWCAPCHA_XML_DESCRIPTION</description>
	<namespace path="src">Joomla\Plugin\System\Newcapcha</namespace>
	<files>
		<folder plugin="newcapcha">services</folder>
		<folder>src</folder>
	</files>
	
	
</extension>
